{"lambda_l1": 4.241488282020127e-06, "lambda_l2": 0.25879070194867687, "num_leaves": 357, "feature_fraction": 0.970281356976624, "bagging_fraction": 0.3170749090483431, "bagging_freq": 0, "min_child_samples": 34}