{"lambda_l1": 7.80877635708185e-05, "lambda_l2": 0.0006377711155270358, "num_leaves": 422, "feature_fraction": 0.885063590767248, "bagging_fraction": 0.85192574853465, "bagging_freq": 11, "min_child_samples": 33}